,scaled_input_duration_in_month,scaled_input_credit_amount,scaled_input_installment_as_income_perc,scaled_input_present_res_since,scaled_input_age,scaled_input_account_check_status,scaled_input_credit_history,scaled_input_purpose,scaled_input_savings,scaled_input_present_emp_since,scaled_input_personal_status_sex,scaled_input_other_debtors,scaled_input_property,scaled_input_other_installment_plans,scaled_input_housing,scaled_input_credits_this_bank,scaled_input_job,scaled_input_people_under_maintenance,scaled_input_telephone,scaled_input_foreign_worker,scaled_input_default,origin_input_duration_in_month,origin_input_credit_amount,origin_input_installment_as_income_perc,origin_input_present_res_since,origin_input_age,origin_input_account_check_status,origin_input_credit_history,origin_input_purpose,origin_input_savings,origin_input_present_emp_since,origin_input_personal_status_sex,origin_input_other_debtors,origin_input_property,origin_input_other_installment_plans,origin_input_housing,origin_input_credits_this_bank,origin_input_job,origin_input_people_under_maintenance,origin_input_telephone,origin_input_foreign_worker,origin_input_default,scaled_adv_duration_in_month,scaled_adv_credit_amount,scaled_adv_installment_as_income_perc,scaled_adv_present_res_since,scaled_adv_age,scaled_adv_account_check_status,scaled_adv_credit_history,scaled_adv_purpose,scaled_adv_savings,scaled_adv_present_emp_since,scaled_adv_personal_status_sex,scaled_adv_other_debtors,scaled_adv_property,scaled_adv_other_installment_plans,scaled_adv_housing,scaled_adv_credits_this_bank,scaled_adv_job,scaled_adv_people_under_maintenance,scaled_adv_telephone,scaled_adv_foreign_worker,origin_adv_duration_in_month,origin_adv_credit_amount,origin_adv_installment_as_income_perc,origin_adv_present_res_since,origin_adv_age,origin_adv_account_check_status,origin_adv_credit_history,origin_adv_purpose,origin_adv_savings,origin_adv_present_emp_since,origin_adv_personal_status_sex,origin_adv_other_debtors,origin_adv_property,origin_adv_other_installment_plans,origin_adv_housing,origin_adv_credits_this_bank,origin_adv_job,origin_adv_people_under_maintenance,origin_adv_telephone,origin_adv_foreign_worker,running_time,Predict_Success,Attack_Success?,ground_truth,prediction,adv_prediction
0,0.47058823529411764,0.36519203257400684,1.0,0.6666666666666667,0.17857142857142855,< 0 DM,delay in paying off in the past,(vacation - does not exist?),... < 100 DM,1 <= ... < 4 years,male : single,none,if not A121 : building society savings agreement/ life insurance,stores,own,1,skilled employee / official,1,"yes, registered under the customers name ",yes,Y,36.0,6887.0,4.0,3.0,28.999999999999996,< 0 DM,delay in paying off in the past,(vacation - does not exist?),... < 100 DM,1 <= ... < 4 years,male : single,none,if not A121 : building society savings agreement/ life insurance,stores,own,1,skilled employee / official,1,"yes, registered under the customers name ",yes,Y,0.25928804,0.19836643,0.9024766,0.67053574,0.26350078,< 0 DM,delay in paying off in the past,(vacation - does not exist?),... < 100 DM,1 <= ... < 4 years,male : single,none,if not A121 : building society savings agreement/ life insurance,stores,own,1,skilled employee / official,1,"yes, registered under the customers name ",yes,21.631586,3855.1116,3.70743,3.0116072,33.756042,< 0 DM,delay in paying off in the past,(vacation - does not exist?),... < 100 DM,1 <= ... < 4 years,male : single,none,if not A121 : building society savings agreement/ life insurance,stores,own,1,skilled employee / official,1,"yes, registered under the customers name ",yes,57.88756346702576,Y,Y,Y,Y,N
0,0.1176470588235294,0.035875426433366345,1.0,1.0,0.035714285714285754,< 0 DM,existing credits paid back duly till now,retraining,... < 100 DM,4 <= ... < 7 years,male : married/widowed,none,if not A121 : building society savings agreement/ life insurance,none,rent,1,skilled employee / official,1,none,yes,N,11.999999999999998,902.0,4.0,4.0,21.0,< 0 DM,existing credits paid back duly till now,retraining,... < 100 DM,4 <= ... < 7 years,male : married/widowed,none,if not A121 : building society savings agreement/ life insurance,none,rent,1,skilled employee / official,1,none,yes,N,0.34026748,0.19376591,1.0,0.9939248,0.0016856339,< 0 DM,existing credits paid back duly till now,retraining,... < 100 DM,4 <= ... < 7 years,male : married/widowed,none,if not A121 : building society savings agreement/ life insurance,none,rent,1,skilled employee / official,1,none,yes,27.138187,3771.5017,4.0,3.9817743,19.094395,< 0 DM,existing credits paid back duly till now,retraining,... < 100 DM,4 <= ... < 7 years,male : married/widowed,none,if not A121 : building society savings agreement/ life insurance,none,rent,1,skilled employee / official,1,none,yes,57.88756346702576,N,N,Y,N,Y
0,0.2941176470588235,0.11461428414218112,1.0,0.3333333333333333,0.17857142857142855,0 <= ... < 200 DM,delay in paying off in the past,radio/television,unknown/ no savings account,... < 1 year ,male : single,none,if not A121 : building society savings agreement/ life insurance,bank,own,1,unskilled - resident,1,none,yes,N,23.999999999999996,2333.0,4.0,2.0,28.999999999999996,0 <= ... < 200 DM,delay in paying off in the past,radio/television,unknown/ no savings account,... < 1 year ,male : single,none,if not A121 : building society savings agreement/ life insurance,bank,own,1,unskilled - resident,1,none,yes,N,0.41104802,0.19364503,1.0,0.3306002,0.14210953,0 <= ... < 200 DM,delay in paying off in the past,radio/television,unknown/ no savings account,... < 1 year ,male : single,none,if not A121 : building society savings agreement/ life insurance,bank,own,1,unskilled - resident,1,none,yes,31.951265,3769.305,4.0,1.9918005,26.958134,0 <= ... < 200 DM,delay in paying off in the past,radio/television,unknown/ no savings account,... < 1 year ,male : single,none,if not A121 : building society savings agreement/ life insurance,bank,own,1,unskilled - resident,1,none,yes,57.88756346702576,Y,Y,N,N,Y
0,0.20588235294117646,0.09843732805106195,0.0,1.0,0.01785714285714285,< 0 DM,existing credits paid back duly till now,radio/television,... < 100 DM,1 <= ... < 4 years,female : divorced/separated/married,none,real estate,bank,rent,1,skilled employee / official,1,none,yes,Y,18.0,2039.0,1.0,4.0,20.0,< 0 DM,existing credits paid back duly till now,radio/television,... < 100 DM,1 <= ... < 4 years,female : divorced/separated/married,none,real estate,bank,rent,1,skilled employee / official,1,none,yes,Y,0.1166613,0.024865843,0.0,0.9940296,0.03380217,< 0 DM,existing credits paid back duly till now,radio/television,... < 100 DM,1 <= ... < 4 years,female : divorced/separated/married,none,real estate,bank,rent,1,skilled employee / official,1,none,yes,11.932969,701.9118,1.0,3.9820886,20.892921,< 0 DM,existing credits paid back duly till now,radio/television,... < 100 DM,1 <= ... < 4 years,female : divorced/separated/married,none,real estate,bank,rent,1,skilled employee / official,1,none,yes,57.88756346702576,Y,Y,Y,Y,N
0,0.16176470588235292,0.1363486299108617,1.0,0.3333333333333333,0.28571428571428575,0 <= ... < 200 DM,critical account/ other credits existing (not at this bank),domestic appliances,unknown/ no savings account,4 <= ... < 7 years,male : single,guarantor,real estate,bank,own,3,skilled employee / official,1,"yes, registered under the customers name ",yes,N,15.0,2728.0,4.0,2.0,35.0,0 <= ... < 200 DM,critical account/ other credits existing (not at this bank),domestic appliances,unknown/ no savings account,4 <= ... < 7 years,male : single,guarantor,real estate,bank,own,3,skilled employee / official,1,"yes, registered under the customers name ",yes,N,0.7371144,0.5739529,1.0,0.31606567,0.21859623,0 <= ... < 200 DM,critical account/ other credits existing (not at this bank),domestic appliances,unknown/ no savings account,4 <= ... < 7 years,male : single,guarantor,real estate,bank,own,3,skilled employee / official,1,"yes, registered under the customers name ",yes,54.12378,10681.0205,4.0,1.9481969,31.24139,0 <= ... < 200 DM,critical account/ other credits existing (not at this bank),domestic appliances,unknown/ no savings account,4 <= ... < 7 years,male : single,guarantor,real estate,bank,own,3,skilled employee / official,1,"yes, registered under the customers name ",yes,57.88756346702576,Y,Y,N,N,Y
0,0.16176470588235292,0.06569825024760646,1.0,0.0,0.07142857142857145,0 <= ... < 200 DM,existing credits paid back duly till now,domestic appliances,unknown/ no savings account,... < 1 year ,male : single,none,if not A121 : building society savings agreement/ life insurance,none,own,1,skilled employee / official,1,none,yes,N,15.0,1444.0,4.0,1.0,23.0,0 <= ... < 200 DM,existing credits paid back duly till now,domestic appliances,unknown/ no savings account,... < 1 year ,male : single,none,if not A121 : building society savings agreement/ life insurance,none,own,1,skilled employee / official,1,none,yes,N,0.33446226,0.21190618,1.0,0.035439122,0.06744902,0 <= ... < 200 DM,existing credits paid back duly till now,domestic appliances,unknown/ no savings account,... < 1 year ,male : single,none,if not A121 : building society savings agreement/ life insurance,none,own,1,skilled employee / official,1,none,yes,26.743433,4101.183,4.0,1.1063173,22.777145,0 <= ... < 200 DM,existing credits paid back duly till now,domestic appliances,unknown/ no savings account,... < 1 year ,male : single,none,if not A121 : building society savings agreement/ life insurance,none,own,1,skilled employee / official,1,none,yes,57.88756346702576,Y,Y,N,N,Y
0,0.47058823529411764,0.23236491691427316,1.0,0.3333333333333333,0.21428571428571425,>= 200 DM / salary assignments for at least 1 year,existing credits paid back duly till now,domestic appliances,... < 100 DM,.. >= 7 years,male : single,none,"if not A121/A122 : car or other, not in attribute 6",none,own,1,skilled employee / official,1,none,yes,N,36.0,4473.0,4.0,2.0,30.999999999999996,>= 200 DM / salary assignments for at least 1 year,existing credits paid back duly till now,domestic appliances,... < 100 DM,.. >= 7 years,male : single,none,"if not A121/A122 : car or other, not in attribute 6",none,own,1,skilled employee / official,1,none,yes,N,0.5492153,0.2921187,1.0,0.33151433,0.19671503,>= 200 DM / salary assignments for at least 1 year,existing credits paid back duly till now,domestic appliances,... < 100 DM,.. >= 7 years,male : single,none,"if not A121/A122 : car or other, not in attribute 6",none,own,1,skilled employee / official,1,none,yes,41.34664,5558.9653,4.0,1.9945431,30.01604,>= 200 DM / salary assignments for at least 1 year,existing credits paid back duly till now,domestic appliances,... < 100 DM,.. >= 7 years,male : single,none,"if not A121/A122 : car or other, not in attribute 6",none,own,1,skilled employee / official,1,none,yes,57.88756346702576,Y,Y,N,N,Y
0,0.16176470588235292,0.08093980411576977,0.3333333333333333,0.6666666666666667,0.30357142857142855,< 0 DM,existing credits paid back duly till now,car (new),... < 100 DM,... < 1 year ,male : single,none,real estate,none,own,1,skilled employee / official,1,none,yes,N,15.0,1721.0,2.0,3.0,36.0,< 0 DM,existing credits paid back duly till now,car (new),... < 100 DM,... < 1 year ,male : single,none,real estate,none,own,1,skilled employee / official,1,none,yes,N,0.19788882,0.10881304,0.34879106,0.6677118,0.29751992,< 0 DM,existing credits paid back duly till now,car (new),... < 100 DM,... < 1 year ,male : single,none,real estate,none,own,1,skilled employee / official,1,none,yes,17.45644,2227.568,2.0463731,3.0031352,35.661118,< 0 DM,existing credits paid back duly till now,car (new),... < 100 DM,... < 1 year ,male : single,none,real estate,none,own,1,skilled employee / official,1,none,yes,57.88756346702576,Y,Y,N,N,Y
0,0.2941176470588235,0.36436667767139874,0.3333333333333333,0.0,0.6428571428571428,< 0 DM,all credits at this bank paid back duly,radio/television,... < 100 DM,... < 1 year ,male : divorced/separated,none,if not A121 : building society savings agreement/ life insurance,bank,own,1,skilled employee / official,1,"yes, registered under the customers name ",yes,Y,23.999999999999996,6872.000000000001,2.0,1.0,54.99999999999999,< 0 DM,all credits at this bank paid back duly,radio/television,... < 100 DM,... < 1 year ,male : divorced/separated,none,if not A121 : building society savings agreement/ life insurance,bank,own,1,skilled employee / official,1,"yes, registered under the customers name ",yes,Y,0.027725171,0.1816217,0.2567116,0.016504504,0.7336825,< 0 DM,all credits at this bank paid back duly,radio/television,... < 100 DM,... < 1 year ,male : divorced/separated,none,if not A121 : building society savings agreement/ life insurance,bank,own,1,skilled employee / official,1,"yes, registered under the customers name ",yes,5.8853116,3550.7927,1.7701347,1.0495136,60.08622,< 0 DM,all credits at this bank paid back duly,radio/television,... < 100 DM,... < 1 year ,male : divorced/separated,none,if not A121 : building society savings agreement/ life insurance,bank,own,1,skilled employee / official,1,"yes, registered under the customers name ",yes,57.88756346702576,Y,Y,Y,Y,N
0,0.16176470588235292,0.0675690546935182,1.0,1.0,0.44642857142857145,< 0 DM,critical account/ other credits existing (not at this bank),radio/television,... < 100 DM,.. >= 7 years,male : single,none,"if not A121/A122 : car or other, not in attribute 6",none,own,2,skilled employee / official,2,"yes, registered under the customers name ",yes,N,15.0,1478.0,4.0,4.0,44.0,< 0 DM,critical account/ other credits existing (not at this bank),radio/television,... < 100 DM,.. >= 7 years,male : single,none,"if not A121/A122 : car or other, not in attribute 6",none,own,2,skilled employee / official,2,"yes, registered under the customers name ",yes,N,0.3450385,0.1929269,1.0,0.9790075,0.3976362,< 0 DM,critical account/ other credits existing (not at this bank),radio/television,... < 100 DM,.. >= 7 years,male : single,none,"if not A121/A122 : car or other, not in attribute 6",none,own,2,skilled employee / official,2,"yes, registered under the customers name ",yes,27.462618,3756.2534,4.0,3.9370227,41.267628,< 0 DM,critical account/ other credits existing (not at this bank),radio/television,... < 100 DM,.. >= 7 years,male : single,none,"if not A121/A122 : car or other, not in attribute 6",none,own,2,skilled employee / official,2,"yes, registered under the customers name ",yes,57.88756346702576,Y,Y,N,N,Y
0,0.07352941176470588,0.06883459887751733,0.3333333333333333,0.6666666666666667,0.26785714285714285,0 <= ... < 200 DM,critical account/ other credits existing (not at this bank),(vacation - does not exist?),... < 100 DM,.. >= 7 years,female : divorced/separated/married,none,"if not A121/A122 : car or other, not in attribute 6",none,own,2,management/ self-employed/ highly qualified employee/ officer,1,"yes, registered under the customers name ",yes,N,9.0,1501.0,2.0,3.0,34.0,0 <= ... < 200 DM,critical account/ other credits existing (not at this bank),(vacation - does not exist?),... < 100 DM,.. >= 7 years,female : divorced/separated/married,none,"if not A121/A122 : car or other, not in attribute 6",none,own,2,management/ self-employed/ highly qualified employee/ officer,1,"yes, registered under the customers name ",yes,N,0.31214342,0.23974766,0.43200696,0.6562726,0.25034636,0 <= ... < 200 DM,critical account/ other credits existing (not at this bank),(vacation - does not exist?),... < 100 DM,.. >= 7 years,female : divorced/separated/married,none,"if not A121/A122 : car or other, not in attribute 6",none,own,2,management/ self-employed/ highly qualified employee/ officer,1,"yes, registered under the customers name ",yes,25.225752,4607.174,2.2960207,2.9688177,33.019398,0 <= ... < 200 DM,critical account/ other credits existing (not at this bank),(vacation - does not exist?),... < 100 DM,.. >= 7 years,female : divorced/separated/married,none,"if not A121/A122 : car or other, not in attribute 6",none,own,2,management/ self-employed/ highly qualified employee/ officer,1,"yes, registered under the customers name ",yes,57.88756346702576,N,N,Y,N,Y
0,0.1176470588235294,0.05227247716518102,1.0,1.0,0.07142857142857145,< 0 DM,existing credits paid back duly till now,(vacation - does not exist?),unknown/ no savings account,1 <= ... < 4 years,female : divorced/separated/married,none,if not A121 : building society savings agreement/ life insurance,bank,rent,1,skilled employee / official,1,"yes, registered under the customers name ",yes,Y,11.999999999999998,1200.0,4.0,4.0,23.0,< 0 DM,existing credits paid back duly till now,(vacation - does not exist?),unknown/ no savings account,1 <= ... < 4 years,female : divorced/separated/married,none,if not A121 : building society savings agreement/ life insurance,bank,rent,1,skilled employee / official,1,"yes, registered under the customers name ",yes,Y,2.9216576e-08,1.15932735e-07,0.9254852,0.9981614,0.10031374,< 0 DM,existing credits paid back duly till now,(vacation - does not exist?),unknown/ no savings account,1 <= ... < 4 years,female : divorced/separated/married,none,if not A121 : building society savings agreement/ life insurance,bank,rent,1,skilled employee / official,1,"yes, registered under the customers name ",yes,4.000002,250.0021,3.7764554,3.994484,24.617569,< 0 DM,existing credits paid back duly till now,(vacation - does not exist?),unknown/ no savings account,1 <= ... < 4 years,female : divorced/separated/married,none,if not A121 : building society savings agreement/ life insurance,bank,rent,1,skilled employee / official,1,"yes, registered under the customers name ",yes,57.88756346702576,N,N,N,Y,N
0,0.1176470588235294,0.06399251678221635,0.6666666666666667,0.3333333333333333,0.6428571428571428,no checking account,existing credits paid back duly till now,car (used),.. >= 1000 DM ,4 <= ... < 7 years,male : single,none,if not A121 : building society savings agreement/ life insurance,none,own,1,skilled employee / official,1,none,no,N,11.999999999999998,1413.0,3.0,2.0,54.99999999999999,no checking account,existing credits paid back duly till now,car (used),.. >= 1000 DM ,4 <= ... < 7 years,male : single,none,if not A121 : building society savings agreement/ life insurance,none,own,1,skilled employee / official,1,none,no,N,0.9606599,0.72398996,0.9525935,0.25207558,0.41712445,no checking account,existing credits paid back duly till now,car (used),.. >= 1000 DM ,4 <= ... < 7 years,male : single,none,if not A121 : building society savings agreement/ life insurance,none,own,1,skilled employee / official,1,none,no,69.324875,13407.794,3.8577805,1.7562268,42.35897,no checking account,existing credits paid back duly till now,car (used),.. >= 1000 DM ,4 <= ... < 7 years,male : single,none,if not A121 : building society savings agreement/ life insurance,none,own,1,skilled employee / official,1,none,no,57.88756346702576,Y,Y,N,N,Y
0,0.47058823529411764,0.7740728513260702,1.0,0.3333333333333333,0.6785714285714286,0 <= ... < 200 DM,existing credits paid back duly till now,car (new),... < 100 DM,.. >= 7 years,male : single,none,unknown / no property,none,for free,1,management/ self-employed/ highly qualified employee/ officer,1,"yes, registered under the customers name ",yes,Y,36.0,14318.0,4.0,2.0,57.0,0 <= ... < 200 DM,existing credits paid back duly till now,car (new),... < 100 DM,.. >= 7 years,male : single,none,unknown / no property,none,for free,1,management/ self-employed/ highly qualified employee/ officer,1,"yes, registered under the customers name ",yes,Y,0.26012376,0.6263098,0.9245456,0.3398195,0.750505,0 <= ... < 200 DM,existing credits paid back duly till now,car (new),... < 100 DM,.. >= 7 years,male : single,none,unknown / no property,none,for free,1,management/ self-employed/ highly qualified employee/ officer,1,"yes, registered under the customers name ",yes,21.688416,11632.555,3.7736368,2.0194583,61.02828,0 <= ... < 200 DM,existing credits paid back duly till now,car (new),... < 100 DM,.. >= 7 years,male : single,none,unknown / no property,none,for free,1,management/ self-employed/ highly qualified employee/ officer,1,"yes, registered under the customers name ",yes,57.88756346702576,Y,Y,Y,Y,N
0,0.07352941176470588,0.057114559260482006,0.6666666666666667,1.0,0.5178571428571428,< 0 DM,critical account/ other credits existing (not at this bank),education,100 <= ... < 500 DM,.. >= 7 years,male : single,guarantor,real estate,none,own,2,skilled employee / official,2,none,no,N,9.0,1288.0,3.0,4.0,47.99999999999999,< 0 DM,critical account/ other credits existing (not at this bank),education,100 <= ... < 500 DM,.. >= 7 years,male : single,guarantor,real estate,none,own,2,skilled employee / official,2,none,no,N,0.5378093,0.40626085,0.84281856,0.9586078,0.36889228,< 0 DM,critical account/ other credits existing (not at this bank),education,100 <= ... < 500 DM,.. >= 7 years,male : single,guarantor,real estate,none,own,2,skilled employee / official,2,none,no,40.571033,7633.385,3.5284557,3.8758235,39.657967,< 0 DM,critical account/ other credits existing (not at this bank),education,100 <= ... < 500 DM,.. >= 7 years,male : single,guarantor,real estate,none,own,2,skilled employee / official,2,none,no,57.88756346702576,Y,Y,N,N,Y
0,0.2941176470588235,0.07015516672169032,1.0,0.6666666666666667,0.26785714285714285,no checking account,existing credits paid back duly till now,car (new),.. >= 1000 DM ,4 <= ... < 7 years,female : divorced/separated/married,none,"if not A121/A122 : car or other, not in attribute 6",none,own,1,skilled employee / official,2,"yes, registered under the customers name ",yes,N,23.999999999999996,1525.0,4.0,3.0,34.0,no checking account,existing credits paid back duly till now,car (new),.. >= 1000 DM ,4 <= ... < 7 years,female : divorced/separated/married,none,"if not A121/A122 : car or other, not in attribute 6",none,own,1,skilled employee / official,2,"yes, registered under the customers name ",yes,N,0.69822633,0.3539185,1.0,0.60088044,0.17504227,no checking account,existing credits paid back duly till now,car (new),.. >= 1000 DM ,4 <= ... < 7 years,female : divorced/separated/married,none,"if not A121/A122 : car or other, not in attribute 6",none,own,1,skilled employee / official,2,"yes, registered under the customers name ",yes,51.47939,6682.1147,4.0,2.8026414,28.802368,no checking account,existing credits paid back duly till now,car (new),.. >= 1000 DM ,4 <= ... < 7 years,female : divorced/separated/married,none,"if not A121/A122 : car or other, not in attribute 6",none,own,1,skilled employee / official,2,"yes, registered under the customers name ",yes,57.88756346702576,Y,Y,N,N,Y
0,0.20588235294117646,0.10311433916584131,1.0,1.0,0.0892857142857143,< 0 DM,critical account/ other credits existing (not at this bank),radio/television,... < 100 DM,1 <= ... < 4 years,female : divorced/separated/married,none,real estate,none,rent,2,skilled employee / official,1,none,yes,Y,18.0,2124.0,4.0,4.0,24.0,< 0 DM,critical account/ other credits existing (not at this bank),radio/television,... < 100 DM,1 <= ... < 4 years,female : divorced/separated/married,none,real estate,none,rent,2,skilled employee / official,1,none,yes,Y,0.13567536,0.050225455,0.96635014,0.99664444,0.11191567,< 0 DM,critical account/ other credits existing (not at this bank),radio/television,... < 100 DM,1 <= ... < 4 years,female : divorced/separated/married,none,real estate,none,rent,2,skilled employee / official,1,none,yes,13.225924,1162.7974,3.8990502,3.9899333,25.267277,< 0 DM,critical account/ other credits existing (not at this bank),radio/television,... < 100 DM,1 <= ... < 4 years,female : divorced/separated/married,none,real estate,none,rent,2,skilled employee / official,1,none,yes,57.88756346702576,Y,Y,Y,Y,N
0,0.38235294117647056,0.2200396170353252,1.0,0.3333333333333333,0.16071428571428575,0 <= ... < 200 DM,critical account/ other credits existing (not at this bank),car (new),... < 100 DM,unemployed,male : married/widowed,none,"if not A121/A122 : car or other, not in attribute 6",none,own,2,management/ self-employed/ highly qualified employee/ officer,1,none,yes,Y,30.0,4249.0,4.0,2.0,28.0,0 <= ... < 200 DM,critical account/ other credits existing (not at this bank),car (new),... < 100 DM,unemployed,male : married/widowed,none,"if not A121/A122 : car or other, not in attribute 6",none,own,2,management/ self-employed/ highly qualified employee/ officer,1,none,yes,Y,0.36283368,0.2046242,0.99365634,0.3322984,0.16411112,0 <= ... < 200 DM,critical account/ other credits existing (not at this bank),car (new),... < 100 DM,unemployed,male : married/widowed,none,"if not A121/A122 : car or other, not in attribute 6",none,own,2,management/ self-employed/ highly qualified employee/ officer,1,none,yes,28.67269,3968.8403,3.980969,1.9968951,28.190222,0 <= ... < 200 DM,critical account/ other credits existing (not at this bank),car (new),... < 100 DM,unemployed,male : married/widowed,none,"if not A121/A122 : car or other, not in attribute 6",none,own,2,management/ self-employed/ highly qualified employee/ officer,1,none,yes,57.88756346702576,Y,Y,Y,Y,N
0,0.38235294117647056,0.6464179597226807,0.0,0.0,0.26785714285714285,< 0 DM,existing credits paid back duly till now,education,... < 100 DM,... < 1 year ,male : divorced/separated,none,unknown / no property,none,own,1,unskilled - resident,1,"yes, registered under the customers name ",yes,Y,30.0,11998.0,1.0,1.0,34.0,< 0 DM,existing credits paid back duly till now,education,... < 100 DM,... < 1 year ,male : divorced/separated,none,unknown / no property,none,own,1,unskilled - resident,1,"yes, registered under the customers name ",yes,Y,0.15634839,0.45263806,1.14952154e-08,0.011438312,0.33945897,< 0 DM,existing credits paid back duly till now,education,... < 100 DM,... < 1 year ,male : divorced/separated,none,unknown / no property,none,own,1,unskilled - resident,1,"yes, registered under the customers name ",yes,14.63169,8476.244,1.0,1.034315,38.0097,< 0 DM,existing credits paid back duly till now,education,... < 100 DM,... < 1 year ,male : divorced/separated,none,unknown / no property,none,own,1,unskilled - resident,1,"yes, registered under the customers name ",yes,57.88756346702576,Y,Y,Y,Y,N
0,0.20588235294117646,0.45234951028942444,0.0,0.3333333333333333,0.07142857142857145,< 0 DM,delay in paying off in the past,(vacation - does not exist?),unknown/ no savings account,1 <= ... < 4 years,female : divorced/separated/married,none,"if not A121/A122 : car or other, not in attribute 6",none,rent,2,skilled employee / official,1,"yes, registered under the customers name ",yes,Y,18.0,8471.0,1.0,2.0,23.0,< 0 DM,delay in paying off in the past,(vacation - does not exist?),unknown/ no savings account,1 <= ... < 4 years,female : divorced/separated/married,none,"if not A121/A122 : car or other, not in attribute 6",none,rent,2,skilled employee / official,1,"yes, registered under the customers name ",yes,Y,0.1377033,0.3960221,0.0,0.33409148,0.08482427,< 0 DM,delay in paying off in the past,(vacation - does not exist?),unknown/ no savings account,1 <= ... < 4 years,female : divorced/separated/married,none,"if not A121/A122 : car or other, not in attribute 6",none,rent,2,skilled employee / official,1,"yes, registered under the customers name ",yes,13.363824,7447.3057,1.0,2.0022745,23.75016,< 0 DM,delay in paying off in the past,(vacation - does not exist?),unknown/ no savings account,1 <= ... < 4 years,female : divorced/separated/married,none,"if not A121/A122 : car or other, not in attribute 6",none,rent,2,skilled employee / official,1,"yes, registered under the customers name ",yes,57.88756346702576,N,N,N,Y,N
0,0.08823529411764706,0.10432485968966655,0.0,0.6666666666666667,0.07142857142857145,no checking account,critical account/ other credits existing (not at this bank),radio/television,... < 100 DM,... < 1 year ,female : divorced/separated/married,none,real estate,none,rent,2,skilled employee / official,1,none,yes,N,10.0,2146.0,1.0,3.0,23.0,no checking account,critical account/ other credits existing (not at this bank),radio/television,... < 100 DM,... < 1 year ,female : divorced/separated/married,none,real estate,none,rent,2,skilled employee / official,1,none,yes,N,0.42003617,0.34193897,0.1282289,0.62130296,0.012805581,no checking account,critical account/ other credits existing (not at this bank),radio/television,... < 100 DM,... < 1 year ,female : divorced/separated/married,none,real estate,none,rent,2,skilled employee / official,1,none,yes,32.562458,6464.399,1.3846867,2.8639088,19.717112,no checking account,critical account/ other credits existing (not at this bank),radio/television,... < 100 DM,... < 1 year ,female : divorced/separated/married,none,real estate,none,rent,2,skilled employee / official,1,none,yes,57.88756346702576,Y,Y,N,N,Y
0,0.25,0.13728403213381754,0.6666666666666667,0.3333333333333333,0.23214285714285715,0 <= ... < 200 DM,critical account/ other credits existing (not at this bank),radio/television,.. >= 1000 DM ,4 <= ... < 7 years,male : single,none,"if not A121/A122 : car or other, not in attribute 6",none,own,2,skilled employee / official,1,"yes, registered under the customers name ",yes,N,21.0,2744.9999999999995,3.0,2.0,32.0,0 <= ... < 200 DM,critical account/ other credits existing (not at this bank),radio/television,.. >= 1000 DM ,4 <= ... < 7 years,male : single,none,"if not A121/A122 : car or other, not in attribute 6",none,own,2,skilled employee / official,1,"yes, registered under the customers name ",yes,N,0.682094,0.4676354,0.8151527,0.3256455,0.14730224,0 <= ... < 200 DM,critical account/ other credits existing (not at this bank),radio/television,.. >= 1000 DM ,4 <= ... < 7 years,male : single,none,"if not A121/A122 : car or other, not in attribute 6",none,own,2,skilled employee / official,1,"yes, registered under the customers name ",yes,50.38239,8748.806,3.445458,1.9769365,27.248924,0 <= ... < 200 DM,critical account/ other credits existing (not at this bank),radio/television,.. >= 1000 DM ,4 <= ... < 7 years,male : single,none,"if not A121/A122 : car or other, not in attribute 6",none,own,2,skilled employee / official,1,"yes, registered under the customers name ",yes,57.88756346702576,Y,Y,N,N,Y
0,0.2941176470588235,0.15951359084406297,1.0,0.0,0.0535714285714286,< 0 DM,existing credits paid back duly till now,radio/television,... < 100 DM,... < 1 year ,male : single,none,unknown / no property,bank,for free,1,skilled employee / official,1,none,yes,Y,23.999999999999996,3149.0,4.0,1.0,22.0,< 0 DM,existing credits paid back duly till now,radio/television,... < 100 DM,... < 1 year ,male : single,none,unknown / no property,bank,for free,1,skilled employee / official,1,none,yes,Y,0.057972882,1.302561e-07,0.881962,0.02617841,0.14417566,< 0 DM,existing credits paid back duly till now,radio/television,... < 100 DM,... < 1 year ,male : single,none,unknown / no property,bank,for free,1,skilled employee / official,1,none,yes,7.942156,250.00237,3.645886,1.0785352,27.073837,< 0 DM,existing credits paid back duly till now,radio/television,... < 100 DM,... < 1 year ,male : single,none,unknown / no property,bank,for free,1,skilled employee / official,1,none,yes,57.88756346702576,N,N,N,Y,N
0,0.25,0.12963574336964895,1.0,1.0,0.16071428571428575,< 0 DM,existing credits paid back duly till now,domestic appliances,... < 100 DM,... < 1 year ,female : divorced/separated/married,none,if not A121 : building society savings agreement/ life insurance,none,rent,1,management/ self-employed/ highly qualified employee/ officer,1,"yes, registered under the customers name ",yes,Y,21.0,2605.9999999999995,4.0,4.0,28.0,< 0 DM,existing credits paid back duly till now,domestic appliances,... < 100 DM,... < 1 year ,female : divorced/separated/married,none,if not A121 : building society savings agreement/ life insurance,none,rent,1,management/ self-employed/ highly qualified employee/ officer,1,"yes, registered under the customers name ",yes,Y,0.14128907,0.028970513,0.9529906,0.99438894,0.17972061,< 0 DM,existing credits paid back duly till now,domestic appliances,... < 100 DM,... < 1 year ,female : divorced/separated/married,none,if not A121 : building society savings agreement/ life insurance,none,rent,1,management/ self-employed/ highly qualified employee/ officer,1,"yes, registered under the customers name ",yes,13.6076565,776.5101,3.8589716,3.983167,29.064354,< 0 DM,existing credits paid back duly till now,domestic appliances,... < 100 DM,... < 1 year ,female : divorced/separated/married,none,if not A121 : building society savings agreement/ life insurance,none,rent,1,management/ self-employed/ highly qualified employee/ officer,1,"yes, registered under the customers name ",yes,57.88756346702576,N,N,N,Y,N
0,0.2941176470588235,0.06096621547265324,1.0,0.6666666666666667,0.37499999999999994,< 0 DM,all credits at this bank paid back duly,furniture/equipment,unknown/ no savings account,.. >= 7 years,male : single,none,"if not A121/A122 : car or other, not in attribute 6",stores,own,1,management/ self-employed/ highly qualified employee/ officer,1,"yes, registered under the customers name ",yes,N,23.999999999999996,1358.0,4.0,3.0,40.0,< 0 DM,all credits at this bank paid back duly,furniture/equipment,unknown/ no savings account,.. >= 7 years,male : single,none,"if not A121/A122 : car or other, not in attribute 6",stores,own,1,management/ self-employed/ highly qualified employee/ officer,1,"yes, registered under the customers name ",yes,N,0.38221243,0.14207515,1.0,0.66598463,0.36176336,< 0 DM,all credits at this bank paid back duly,furniture/equipment,unknown/ no savings account,.. >= 7 years,male : single,none,"if not A121/A122 : car or other, not in attribute 6",stores,own,1,management/ self-employed/ highly qualified employee/ officer,1,"yes, registered under the customers name ",yes,29.990444,2832.0737,4.0,2.997954,39.25875,< 0 DM,all credits at this bank paid back duly,furniture/equipment,unknown/ no savings account,.. >= 7 years,male : single,none,"if not A121/A122 : car or other, not in attribute 6",stores,own,1,management/ self-employed/ highly qualified employee/ officer,1,"yes, registered under the customers name ",yes,57.88756346702576,N,N,Y,N,Y
0,0.47058823529411764,0.43903378452734676,0.3333333333333333,0.3333333333333333,0.125,< 0 DM,existing credits paid back duly till now,car (used),... < 100 DM,1 <= ... < 4 years,male : single,none,if not A121 : building society savings agreement/ life insurance,none,own,1,skilled employee / official,2,none,yes,N,36.0,8229.0,2.0,2.0,26.0,< 0 DM,existing credits paid back duly till now,car (used),... < 100 DM,1 <= ... < 4 years,male : single,none,if not A121 : building society savings agreement/ life insurance,none,own,1,skilled employee / official,2,none,yes,N,0.48763824,0.4584992,0.33955458,0.3330289,0.1223776,< 0 DM,existing credits paid back duly till now,car (used),... < 100 DM,1 <= ... < 4 years,male : single,none,if not A121 : building society savings agreement/ life insurance,none,own,1,skilled employee / official,2,none,yes,37.1594,8582.765,2.018664,1.9990866,25.853146,< 0 DM,existing credits paid back duly till now,car (used),... < 100 DM,1 <= ... < 4 years,male : single,none,if not A121 : building society savings agreement/ life insurance,none,own,1,skilled employee / official,2,none,yes,57.88756346702576,N,N,Y,N,Y
0,0.2941176470588235,0.6223175965665235,0.0,1.0,0.07142857142857145,0 <= ... < 200 DM,existing credits paid back duly till now,car (used),... < 100 DM,1 <= ... < 4 years,female : divorced/separated/married,none,"if not A121/A122 : car or other, not in attribute 6",none,rent,2,management/ self-employed/ highly qualified employee/ officer,1,none,yes,N,23.999999999999996,11560.0,1.0,4.0,23.0,0 <= ... < 200 DM,existing credits paid back duly till now,car (used),... < 100 DM,1 <= ... < 4 years,female : divorced/separated/married,none,"if not A121/A122 : car or other, not in attribute 6",none,rent,2,management/ self-employed/ highly qualified employee/ officer,1,none,yes,N,0.30200043,0.6291647,0.0028534275,0.9987964,0.069051005,0 <= ... < 200 DM,existing credits paid back duly till now,car (used),... < 100 DM,1 <= ... < 4 years,female : divorced/separated/married,none,"if not A121/A122 : car or other, not in attribute 6",none,rent,2,management/ self-employed/ highly qualified employee/ officer,1,none,yes,24.53603,11684.439,1.0085603,3.9963892,22.866858,0 <= ... < 200 DM,existing credits paid back duly till now,car (used),... < 100 DM,1 <= ... < 4 years,female : divorced/separated/married,none,"if not A121/A122 : car or other, not in attribute 6",none,rent,2,management/ self-employed/ highly qualified employee/ officer,1,none,yes,57.88756346702576,N,N,Y,N,Y
0,0.1176470588235294,0.06393749312204247,1.0,0.3333333333333333,0.17857142857142855,no checking account,critical account/ other credits existing (not at this bank),business,... < 100 DM,1 <= ... < 4 years,female : divorced/separated/married,guarantor,real estate,none,own,2,management/ self-employed/ highly qualified employee/ officer,1,"yes, registered under the customers name ",yes,N,11.999999999999998,1412.0,4.0,2.0,28.999999999999996,no checking account,critical account/ other credits existing (not at this bank),business,... < 100 DM,1 <= ... < 4 years,female : divorced/separated/married,guarantor,real estate,none,own,2,management/ self-employed/ highly qualified employee/ officer,1,"yes, registered under the customers name ",yes,N,0.61180526,0.4644913,1.0,0.2878981,0.041266236,no checking account,critical account/ other credits existing (not at this bank),business,... < 100 DM,1 <= ... < 4 years,female : divorced/separated/married,guarantor,real estate,none,own,2,management/ self-employed/ highly qualified employee/ officer,1,"yes, registered under the customers name ",yes,45.602757,8691.665,4.0,1.8636943,21.31091,no checking account,critical account/ other credits existing (not at this bank),business,... < 100 DM,1 <= ... < 4 years,female : divorced/separated/married,guarantor,real estate,none,own,2,management/ self-employed/ highly qualified employee/ officer,1,"yes, registered under the customers name ",yes,57.88756346702576,Y,Y,N,N,Y
0,0.38235294117647056,0.10625068779575217,1.0,1.0,0.30357142857142855,0 <= ... < 200 DM,critical account/ other credits existing (not at this bank),car (new),unknown/ no savings account,.. >= 7 years,male : single,none,real estate,none,own,2,skilled employee / official,1,none,yes,N,30.0,2181.0,4.0,4.0,36.0,0 <= ... < 200 DM,critical account/ other credits existing (not at this bank),car (new),unknown/ no savings account,.. >= 7 years,male : single,none,real estate,none,own,2,skilled employee / official,1,none,yes,N,0.54993397,0.23815128,1.0,0.98716307,0.26506314,0 <= ... < 200 DM,critical account/ other credits existing (not at this bank),car (new),unknown/ no savings account,.. >= 7 years,male : single,none,real estate,none,own,2,skilled employee / official,1,none,yes,41.395508,4578.1616,4.0,3.9614892,33.843536,0 <= ... < 200 DM,critical account/ other credits existing (not at this bank),car (new),unknown/ no savings account,.. >= 7 years,male : single,none,real estate,none,own,2,skilled employee / official,1,none,yes,57.88756346702576,Y,Y,N,N,Y
0,0.47058823529411764,0.3685484758446132,0.3333333333333333,0.3333333333333333,0.28571428571428575,0 <= ... < 200 DM,existing credits paid back duly till now,car (used),... < 100 DM,1 <= ... < 4 years,male : single,none,"if not A121/A122 : car or other, not in attribute 6",none,rent,1,management/ self-employed/ highly qualified employee/ officer,1,"yes, registered under the customers name ",yes,N,36.0,6948.0,2.0,2.0,35.0,0 <= ... < 200 DM,existing credits paid back duly till now,car (used),... < 100 DM,1 <= ... < 4 years,male : single,none,"if not A121/A122 : car or other, not in attribute 6",none,rent,1,management/ self-employed/ highly qualified employee/ officer,1,"yes, registered under the customers name ",yes,N,0.61501944,0.516615,0.400307,0.32029274,0.24351956,0 <= ... < 200 DM,existing credits paid back duly till now,car (used),... < 100 DM,1 <= ... < 4 years,male : single,none,"if not A121/A122 : car or other, not in attribute 6",none,rent,1,management/ self-employed/ highly qualified employee/ officer,1,"yes, registered under the customers name ",yes,45.821323,9638.961,2.200921,1.9608783,32.637096,0 <= ... < 200 DM,existing credits paid back duly till now,car (used),... < 100 DM,1 <= ... < 4 years,male : single,none,"if not A121/A122 : car or other, not in attribute 6",none,rent,1,management/ self-employed/ highly qualified employee/ officer,1,"yes, registered under the customers name ",yes,57.88756346702576,Y,Y,N,N,Y
0,0.1176470588235294,0.053813139650049524,1.0,0.3333333333333333,0.0892857142857143,< 0 DM,existing credits paid back duly till now,car (new),... < 100 DM,1 <= ... < 4 years,female : divorced/separated/married,none,real estate,none,own,1,unskilled - resident,1,none,yes,Y,11.999999999999998,1228.0,4.0,2.0,24.0,< 0 DM,existing credits paid back duly till now,car (new),... < 100 DM,1 <= ... < 4 years,female : divorced/separated/married,none,real estate,none,own,1,unskilled - resident,1,none,yes,Y,0.061511017,0.017304027,0.9716897,0.33362296,0.10181296,< 0 DM,existing credits paid back duly till now,car (new),... < 100 DM,1 <= ... < 4 years,female : divorced/separated/married,none,real estate,none,own,1,unskilled - resident,1,none,yes,8.182749,564.4834,3.915069,2.0008688,24.701525,< 0 DM,existing credits paid back duly till now,car (new),... < 100 DM,1 <= ... < 4 years,female : divorced/separated/married,none,real estate,none,own,1,unskilled - resident,1,none,yes,57.88756346702576,Y,Y,Y,Y,N
0,0.38235294117647056,0.3266754704522945,0.0,1.0,0.0892857142857143,< 0 DM,critical account/ other credits existing (not at this bank),car (used),100 <= ... < 500 DM,4 <= ... < 7 years,male : married/widowed,none,"if not A121/A122 : car or other, not in attribute 6",none,rent,2,skilled employee / official,1,none,yes,N,30.0,6187.0,1.0,4.0,24.0,< 0 DM,critical account/ other credits existing (not at this bank),car (used),100 <= ... < 500 DM,4 <= ... < 7 years,male : married/widowed,none,"if not A121/A122 : car or other, not in attribute 6",none,rent,2,skilled employee / official,1,none,yes,N,0.65012693,0.5595118,0.07859352,0.98757726,0.025847415,< 0 DM,critical account/ other credits existing (not at this bank),car (used),100 <= ... < 500 DM,4 <= ... < 7 years,male : married/widowed,none,"if not A121/A122 : car or other, not in attribute 6",none,rent,2,skilled employee / official,1,none,yes,48.20863,10418.567,1.2357806,3.9627318,20.447456,< 0 DM,critical account/ other credits existing (not at this bank),car (used),100 <= ... < 500 DM,4 <= ... < 7 years,male : married/widowed,none,"if not A121/A122 : car or other, not in attribute 6",none,rent,2,skilled employee / official,1,none,yes,57.88756346702576,Y,Y,N,N,Y
0,0.1176470588235294,0.06173654671508748,0.3333333333333333,0.6666666666666667,0.30357142857142855,< 0 DM,existing credits paid back duly till now,car (new),... < 100 DM,4 <= ... < 7 years,male : divorced/separated,none,"if not A121/A122 : car or other, not in attribute 6",none,own,1,skilled employee / official,1,none,yes,N,11.999999999999998,1371.9999999999998,2.0,3.0,36.0,< 0 DM,existing credits paid back duly till now,car (new),... < 100 DM,4 <= ... < 7 years,male : divorced/separated,none,"if not A121/A122 : car or other, not in attribute 6",none,own,1,skilled employee / official,1,none,yes,N,0.18620826,0.10957629,0.3556727,0.6558313,0.29023162,< 0 DM,existing credits paid back duly till now,car (new),... < 100 DM,4 <= ... < 7 years,male : divorced/separated,none,"if not A121/A122 : car or other, not in attribute 6",none,own,1,skilled employee / official,1,none,yes,16.66216,2241.4397,2.067018,2.9674938,35.252968,< 0 DM,existing credits paid back duly till now,car (new),... < 100 DM,4 <= ... < 7 years,male : divorced/separated,none,"if not A121/A122 : car or other, not in attribute 6",none,own,1,skilled employee / official,1,none,yes,57.88756346702576,N,N,Y,N,Y
0,0.2941176470588235,0.22565203037306042,0.0,1.0,0.5178571428571428,0 <= ... < 200 DM,existing credits paid back duly till now,radio/television,unknown/ no savings account,1 <= ... < 4 years,female : divorced/separated/married,none,if not A121 : building society savings agreement/ life insurance,none,own,1,unskilled - resident,1,"yes, registered under the customers name ",yes,N,23.999999999999996,4351.0,1.0,4.0,47.99999999999999,0 <= ... < 200 DM,existing credits paid back duly till now,radio/television,unknown/ no savings account,1 <= ... < 4 years,female : divorced/separated/married,none,if not A121 : building society savings agreement/ life insurance,none,own,1,unskilled - resident,1,"yes, registered under the customers name ",yes,N,0.5560824,0.4445181,0.068417065,0.940975,0.47383872,0 <= ... < 200 DM,existing credits paid back duly till now,radio/television,unknown/ no savings account,1 <= ... < 4 years,female : divorced/separated/married,none,if not A121 : building society savings agreement/ life insurance,none,own,1,unskilled - resident,1,"yes, registered under the customers name ",yes,41.813606,8328.672,1.2052512,3.822925,45.534966,0 <= ... < 200 DM,existing credits paid back duly till now,radio/television,unknown/ no savings account,1 <= ... < 4 years,female : divorced/separated/married,none,if not A121 : building society savings agreement/ life insurance,none,own,1,unskilled - resident,1,"yes, registered under the customers name ",yes,57.88756346702576,Y,Y,N,N,Y
0,0.1176470588235294,0.18377902498074172,0.3333333333333333,0.3333333333333333,0.17857142857142855,< 0 DM,existing credits paid back duly till now,radio/television,... < 100 DM,1 <= ... < 4 years,male : single,co-applicant,if not A121 : building society savings agreement/ life insurance,none,own,1,unskilled - resident,2,none,yes,N,11.999999999999998,3590.0,2.0,2.0,28.999999999999996,< 0 DM,existing credits paid back duly till now,radio/television,... < 100 DM,1 <= ... < 4 years,male : single,co-applicant,if not A121 : building society savings agreement/ life insurance,none,own,1,unskilled - resident,2,none,yes,N,0.15076415,0.21608733,0.3489558,0.33385572,0.16855396,< 0 DM,existing credits paid back duly till now,radio/television,... < 100 DM,1 <= ... < 4 years,male : single,co-applicant,if not A121 : building society savings agreement/ life insurance,none,own,1,unskilled - resident,2,none,yes,14.251962,4177.171,2.0468674,2.0015671,28.439022,< 0 DM,existing credits paid back duly till now,radio/television,... < 100 DM,1 <= ... < 4 years,male : single,co-applicant,if not A121 : building society savings agreement/ life insurance,none,own,1,unskilled - resident,2,none,yes,57.88756346702576,Y,Y,N,N,Y
0,0.2941176470588235,0.12286783316826234,1.0,1.0,0.0535714285714286,< 0 DM,all credits at this bank paid back duly,radio/television,500 <= ... < 1000 DM ,1 <= ... < 4 years,male : single,none,real estate,stores,own,1,skilled employee / official,1,"yes, registered under the customers name ",yes,Y,23.999999999999996,2483.0,4.0,4.0,22.0,< 0 DM,all credits at this bank paid back duly,radio/television,500 <= ... < 1000 DM ,1 <= ... < 4 years,male : single,none,real estate,stores,own,1,skilled employee / official,1,"yes, registered under the customers name ",yes,Y,0.17375723,0.035216387,0.9322697,0.9973634,0.07342249,< 0 DM,all credits at this bank paid back duly,radio/television,500 <= ... < 1000 DM ,1 <= ... < 4 years,male : single,none,real estate,stores,own,1,skilled employee / official,1,"yes, registered under the customers name ",yes,15.815491,890.0226,3.7968092,3.9920902,23.111658,< 0 DM,all credits at this bank paid back duly,radio/television,500 <= ... < 1000 DM ,1 <= ... < 4 years,male : single,none,real estate,stores,own,1,skilled employee / official,1,"yes, registered under the customers name ",yes,57.88756346702576,N,N,N,Y,N
0,0.1176470588235294,0.327335754374381,1.0,0.3333333333333333,0.16071428571428575,< 0 DM,no credits taken/ all credits paid back duly,domestic appliances,... < 100 DM,1 <= ... < 4 years,male : single,none,if not A121 : building society savings agreement/ life insurance,none,rent,2,skilled employee / official,1,"yes, registered under the customers name ",yes,Y,11.999999999999998,6199.0,4.0,2.0,28.0,< 0 DM,no credits taken/ all credits paid back duly,domestic appliances,... < 100 DM,1 <= ... < 4 years,male : single,none,if not A121 : building society savings agreement/ life insurance,none,rent,2,skilled employee / official,1,"yes, registered under the customers name ",yes,Y,4.1541477e-09,0.14872429,0.90223724,0.33215976,0.21468784,< 0 DM,no credits taken/ all credits paid back duly,domestic appliances,... < 100 DM,1 <= ... < 4 years,male : single,none,if not A121 : building society savings agreement/ life insurance,none,rent,2,skilled employee / official,1,"yes, registered under the customers name ",yes,4.0000005,2952.9153,3.7067118,1.9964793,31.022518,< 0 DM,no credits taken/ all credits paid back duly,domestic appliances,... < 100 DM,1 <= ... < 4 years,male : single,none,if not A121 : building society savings agreement/ life insurance,none,rent,2,skilled employee / official,1,"yes, registered under the customers name ",yes,57.88756346702576,Y,Y,Y,Y,N
0,0.6470588235294117,0.18245845713656875,1.0,0.3333333333333333,0.19642857142857145,0 <= ... < 200 DM,all credits at this bank paid back duly,business,100 <= ... < 500 DM,4 <= ... < 7 years,male : single,none,"if not A121/A122 : car or other, not in attribute 6",none,own,1,skilled employee / official,1,none,yes,Y,47.99999999999999,3566.0,4.0,2.0,30.0,0 <= ... < 200 DM,all credits at this bank paid back duly,business,100 <= ... < 500 DM,4 <= ... < 7 years,male : single,none,"if not A121/A122 : car or other, not in attribute 6",none,own,1,skilled employee / official,1,none,yes,Y,0.63636833,0.17357026,0.9961499,0.33517614,0.19877099,0 <= ... < 200 DM,all credits at this bank paid back duly,business,100 <= ... < 500 DM,4 <= ... < 7 years,male : single,none,"if not A121/A122 : car or other, not in attribute 6",none,own,1,skilled employee / official,1,none,yes,47.27305,3404.466,3.9884498,2.0055285,30.131174,0 <= ... < 200 DM,all credits at this bank paid back duly,business,100 <= ... < 500 DM,4 <= ... < 7 years,male : single,none,"if not A121/A122 : car or other, not in attribute 6",none,own,1,skilled employee / official,1,none,yes,57.88756346702576,N,N,N,Y,N
0,0.13235294117647056,0.034774953229888855,1.0,1.0,0.07142857142857145,0 <= ... < 200 DM,critical account/ other credits existing (not at this bank),domestic appliances,... < 100 DM,... < 1 year ,male : single,guarantor,real estate,none,own,2,skilled employee / official,1,none,yes,N,13.0,882.0000000000001,4.0,4.0,23.0,0 <= ... < 200 DM,critical account/ other credits existing (not at this bank),domestic appliances,... < 100 DM,... < 1 year ,male : single,guarantor,real estate,none,own,2,skilled employee / official,1,none,yes,N,0.45385104,0.2984653,1.0,0.99214023,0.02006445,0 <= ... < 200 DM,critical account/ other credits existing (not at this bank),domestic appliances,... < 100 DM,... < 1 year ,male : single,guarantor,real estate,none,own,2,skilled employee / official,1,none,yes,34.86187,5674.3086,4.0,3.9764206,20.12361,0 <= ... < 200 DM,critical account/ other credits existing (not at this bank),domestic appliances,... < 100 DM,... < 1 year ,male : single,guarantor,real estate,none,own,2,skilled employee / official,1,none,yes,57.88756346702576,Y,Y,N,N,Y
0,0.1176470588235294,0.007428194123473095,1.0,0.6666666666666667,0.6964285714285714,< 0 DM,critical account/ other credits existing (not at this bank),domestic appliances,... < 100 DM,4 <= ... < 7 years,female : divorced/separated/married,none,real estate,none,own,4,unskilled - resident,1,"yes, registered under the customers name ",yes,N,11.999999999999998,385.0,4.0,3.0,57.99999999999999,< 0 DM,critical account/ other credits existing (not at this bank),domestic appliances,... < 100 DM,4 <= ... < 7 years,female : divorced/separated/married,none,real estate,none,own,4,unskilled - resident,1,"yes, registered under the customers name ",yes,N,0.48995242,0.30148336,1.0,0.6117049,0.6584,< 0 DM,critical account/ other credits existing (not at this bank),domestic appliances,... < 100 DM,4 <= ... < 7 years,female : divorced/separated/married,none,real estate,none,own,4,unskilled - resident,1,"yes, registered under the customers name ",yes,37.316765,5729.1587,4.0,2.8351145,55.8704,< 0 DM,critical account/ other credits existing (not at this bank),domestic appliances,... < 100 DM,4 <= ... < 7 years,female : divorced/separated/married,none,real estate,none,own,4,unskilled - resident,1,"yes, registered under the customers name ",yes,57.88756346702576,Y,Y,N,N,Y
0,0.47058823529411764,0.4300099042588313,0.6666666666666667,0.3333333333333333,0.10714285714285715,< 0 DM,critical account/ other credits existing (not at this bank),(vacation - does not exist?),... < 100 DM,1 <= ... < 4 years,female : divorced/separated/married,none,unknown / no property,none,own,2,management/ self-employed/ highly qualified employee/ officer,1,"yes, registered under the customers name ",yes,Y,36.0,8065.0,3.0,2.0,25.0,< 0 DM,critical account/ other credits existing (not at this bank),(vacation - does not exist?),... < 100 DM,1 <= ... < 4 years,female : divorced/separated/married,none,unknown / no property,none,own,2,management/ self-employed/ highly qualified employee/ officer,1,"yes, registered under the customers name ",yes,Y,0.2681054,0.26162714,0.5988879,0.34988132,0.15719736,< 0 DM,critical account/ other credits existing (not at this bank),(vacation - does not exist?),... < 100 DM,1 <= ... < 4 years,female : divorced/separated/married,none,unknown / no property,none,own,2,management/ self-employed/ highly qualified employee/ officer,1,"yes, registered under the customers name ",yes,22.231167,5004.8115,2.7966638,2.049644,27.803051,< 0 DM,critical account/ other credits existing (not at this bank),(vacation - does not exist?),... < 100 DM,1 <= ... < 4 years,female : divorced/separated/married,none,unknown / no property,none,own,2,management/ self-employed/ highly qualified employee/ officer,1,"yes, registered under the customers name ",yes,57.88756346702576,Y,Y,Y,Y,N
0,0.13235294117647056,0.10184879498184218,0.3333333333333333,1.0,0.07142857142857145,0 <= ... < 200 DM,existing credits paid back duly till now,domestic appliances,... < 100 DM,... < 1 year ,female : divorced/separated/married,guarantor,if not A121 : building society savings agreement/ life insurance,none,own,1,unskilled - resident,1,none,yes,N,13.0,2101.0,2.0,4.0,23.0,0 <= ... < 200 DM,existing credits paid back duly till now,domestic appliances,... < 100 DM,... < 1 year ,female : divorced/separated/married,guarantor,if not A121 : building society savings agreement/ life insurance,none,own,1,unskilled - resident,1,none,yes,N,0.39340624,0.27280143,0.4282938,0.98401165,0.02072251,0 <= ... < 200 DM,existing credits paid back duly till now,domestic appliances,... < 100 DM,... < 1 year ,female : divorced/separated/married,guarantor,if not A121 : building society savings agreement/ life insurance,none,own,1,unskilled - resident,1,none,yes,30.751625,5207.893,2.2848814,3.952035,20.16046,0 <= ... < 200 DM,existing credits paid back duly till now,domestic appliances,... < 100 DM,... < 1 year ,female : divorced/separated/married,guarantor,if not A121 : building society savings agreement/ life insurance,none,own,1,unskilled - resident,1,none,yes,57.88756346702576,Y,Y,N,N,Y
0,0.07352941176470588,0.09519093210080334,0.3333333333333333,0.3333333333333333,0.0,no checking account,existing credits paid back duly till now,radio/television,... < 100 DM,... < 1 year ,female : divorced/separated/married,co-applicant,"if not A121/A122 : car or other, not in attribute 6",none,rent,2,skilled employee / official,1,none,yes,N,9.0,1980.0,2.0,2.0,19.0,no checking account,existing credits paid back duly till now,radio/television,... < 100 DM,... < 1 year ,female : divorced/separated/married,co-applicant,"if not A121/A122 : car or other, not in attribute 6",none,rent,2,skilled employee / official,1,none,yes,N,0.17879179,0.17456234,0.38364622,0.32021084,3.4338893e-08,no checking account,existing credits paid back duly till now,radio/television,... < 100 DM,... < 1 year ,female : divorced/separated/married,co-applicant,"if not A121/A122 : car or other, not in attribute 6",none,rent,2,skilled employee / official,1,none,yes,16.15784,3422.4958,2.1509387,1.9606326,19.000002,no checking account,existing credits paid back duly till now,radio/television,... < 100 DM,... < 1 year ,female : divorced/separated/married,co-applicant,"if not A121/A122 : car or other, not in attribute 6",none,rent,2,skilled employee / official,1,none,yes,57.88756346702576,N,N,Y,N,Y
0,0.6470588235294117,0.28232640035215145,0.6666666666666667,1.0,0.37499999999999994,0 <= ... < 200 DM,existing credits paid back duly till now,furniture/equipment,unknown/ no savings account,unemployed,male : single,none,unknown / no property,bank,for free,1,unemployed/ unskilled - non-resident,1,"yes, registered under the customers name ",yes,N,47.99999999999999,5381.0,3.0,4.0,40.0,0 <= ... < 200 DM,existing credits paid back duly till now,furniture/equipment,unknown/ no savings account,unemployed,male : single,none,unknown / no property,bank,for free,1,unemployed/ unskilled - non-resident,1,"yes, registered under the customers name ",yes,N,0.70606434,0.33844268,0.690402,0.99103254,0.355283,0 <= ... < 200 DM,existing credits paid back duly till now,furniture/equipment,unknown/ no savings account,unemployed,male : single,none,unknown / no property,bank,for free,1,unemployed/ unskilled - non-resident,1,"yes, registered under the customers name ",yes,52.012375,6400.8574,3.0712059,3.9730976,38.895847,0 <= ... < 200 DM,existing credits paid back duly till now,furniture/equipment,unknown/ no savings account,unemployed,male : single,none,unknown / no property,bank,for free,1,unemployed/ unskilled - non-resident,1,"yes, registered under the customers name ",yes,57.88756346702576,Y,Y,N,N,Y
0,0.029411764705882346,0.24573566633652472,0.0,0.6666666666666667,0.44642857142857145,< 0 DM,critical account/ other credits existing (not at this bank),car (new),unknown/ no savings account,... < 1 year ,male : single,none,real estate,none,own,2,unskilled - resident,2,none,yes,N,5.999999999999999,4716.0,1.0,3.0,44.0,< 0 DM,critical account/ other credits existing (not at this bank),car (new),unknown/ no savings account,... < 1 year ,male : single,none,real estate,none,own,2,unskilled - resident,2,none,yes,N,0.29089075,0.4948468,0.07988108,0.6337964,0.38064933,< 0 DM,critical account/ other credits existing (not at this bank),car (new),unknown/ no savings account,... < 1 year ,male : single,none,real estate,none,own,2,unskilled - resident,2,none,yes,23.780571,9243.345,1.2396432,2.9013891,40.316364,< 0 DM,critical account/ other credits existing (not at this bank),car (new),unknown/ no savings account,... < 1 year ,male : single,none,real estate,none,own,2,unskilled - resident,2,none,yes,57.88756346702576,Y,Y,N,N,Y
0,0.16176470588235292,0.13101133487399583,0.6666666666666667,0.3333333333333333,0.10714285714285715,0 <= ... < 200 DM,existing credits paid back duly till now,education,100 <= ... < 500 DM,1 <= ... < 4 years,female : divorced/separated/married,none,real estate,none,own,1,unskilled - resident,1,none,yes,N,15.0,2631.0,3.0,2.0,25.0,0 <= ... < 200 DM,existing credits paid back duly till now,education,100 <= ... < 500 DM,1 <= ... < 4 years,female : divorced/separated/married,none,real estate,none,own,1,unskilled - resident,1,none,yes,N,0.24582423,0.20137702,0.6997432,0.3226778,0.09661953,0 <= ... < 200 DM,existing credits paid back duly till now,education,100 <= ... < 500 DM,1 <= ... < 4 years,female : divorced/separated/married,none,real estate,none,own,1,unskilled - resident,1,none,yes,20.71605,3909.826,3.0992296,1.9680333,24.410694,0 <= ... < 200 DM,existing credits paid back duly till now,education,100 <= ... < 500 DM,1 <= ... < 4 years,female : divorced/separated/married,none,real estate,none,own,1,unskilled - resident,1,none,yes,57.88756346702576,Y,Y,N,N,Y
0,0.2941176470588235,0.21563772422141522,1.0,1.0,0.16071428571428575,< 0 DM,existing credits paid back duly till now,radio/television,... < 100 DM,1 <= ... < 4 years,male : single,none,if not A121 : building society savings agreement/ life insurance,none,own,1,skilled employee / official,1,none,yes,Y,23.999999999999996,4169.0,4.0,4.0,28.0,< 0 DM,existing credits paid back duly till now,radio/television,... < 100 DM,1 <= ... < 4 years,male : single,none,if not A121 : building society savings agreement/ life insurance,none,own,1,skilled employee / official,1,none,yes,Y,0.22669211,0.15705083,0.97146684,0.999628,0.17936656,< 0 DM,existing credits paid back duly till now,radio/television,... < 100 DM,1 <= ... < 4 years,male : single,none,if not A121 : building society savings agreement/ life insurance,none,own,1,skilled employee / official,1,none,yes,19.415064,3104.242,3.9144006,3.998884,29.044527,< 0 DM,existing credits paid back duly till now,radio/television,... < 100 DM,1 <= ... < 4 years,male : single,none,if not A121 : building society savings agreement/ life insurance,none,own,1,skilled employee / official,1,none,yes,57.88756346702576,N,N,N,Y,N
0,0.23529411764705882,0.1780015406624849,0.3333333333333333,1.0,0.44642857142857145,no checking account,critical account/ other credits existing (not at this bank),car (new),unknown/ no savings account,... < 1 year ,male : divorced/separated,none,real estate,none,own,2,skilled employee / official,1,"yes, registered under the customers name ",yes,N,20.0,3485.0,2.0,4.0,44.0,no checking account,critical account/ other credits existing (not at this bank),car (new),unknown/ no savings account,... < 1 year ,male : divorced/separated,none,real estate,none,own,2,skilled employee / official,1,"yes, registered under the customers name ",yes,N,0.5854973,0.49759597,0.436908,0.96204,0.38433915,no checking account,critical account/ other credits existing (not at this bank),car (new),unknown/ no savings account,... < 1 year ,male : divorced/separated,none,real estate,none,own,2,skilled employee / official,1,"yes, registered under the customers name ",yes,43.813816,9293.31,2.310724,3.8861198,40.522995,no checking account,critical account/ other credits existing (not at this bank),car (new),unknown/ no savings account,... < 1 year ,male : divorced/separated,none,real estate,none,own,2,skilled employee / official,1,"yes, registered under the customers name ",yes,57.88756346702576,Y,Y,N,N,Y
0,0.1176470588235294,0.024815670738417523,1.0,0.3333333333333333,0.23214285714285715,no checking account,critical account/ other credits existing (not at this bank),(vacation - does not exist?),... < 100 DM,1 <= ... < 4 years,male : single,none,"if not A121/A122 : car or other, not in attribute 6",none,own,2,skilled employee / official,1,none,yes,N,11.999999999999998,701.0,4.0,2.0,32.0,no checking account,critical account/ other credits existing (not at this bank),(vacation - does not exist?),... < 100 DM,1 <= ... < 4 years,male : single,none,"if not A121/A122 : car or other, not in attribute 6",none,own,2,skilled employee / official,1,none,yes,N,0.46158028,0.23677778,0.99999994,0.3304237,0.18102042,no checking account,critical account/ other credits existing (not at this bank),(vacation - does not exist?),... < 100 DM,1 <= ... < 4 years,male : single,none,"if not A121/A122 : car or other, not in attribute 6",none,own,2,skilled employee / official,1,none,yes,35.38746,4553.1997,3.9999998,1.991271,29.137142,no checking account,critical account/ other credits existing (not at this bank),(vacation - does not exist?),... < 100 DM,1 <= ... < 4 years,male : single,none,"if not A121/A122 : car or other, not in attribute 6",none,own,2,skilled employee / official,1,none,yes,57.88756346702576,Y,Y,N,N,Y
0,0.20588235294117646,0.16391548365797293,0.3333333333333333,1.0,0.33928571428571425,no checking account,critical account/ other credits existing (not at this bank),car (used),unknown/ no savings account,unemployed,male : single,none,unknown / no property,none,own,1,management/ self-employed/ highly qualified employee/ officer,1,"yes, registered under the customers name ",yes,N,18.0,3228.9999999999995,2.0,4.0,38.0,no checking account,critical account/ other credits existing (not at this bank),car (used),unknown/ no savings account,unemployed,male : single,none,unknown / no property,none,own,1,management/ self-employed/ highly qualified employee/ officer,1,"yes, registered under the customers name ",yes,N,0.8974685,0.72482824,0.63306385,0.9487369,0.15337642,no checking account,critical account/ other credits existing (not at this bank),car (used),unknown/ no savings account,unemployed,male : single,none,unknown / no property,none,own,1,management/ self-employed/ highly qualified employee/ officer,1,"yes, registered under the customers name ",yes,65.027855,13423.028,2.8991914,3.846211,27.589079,no checking account,critical account/ other credits existing (not at this bank),car (used),unknown/ no savings account,unemployed,male : single,none,unknown / no property,none,own,1,management/ self-employed/ highly qualified employee/ officer,1,"yes, registered under the customers name ",yes,57.88756346702576,Y,Y,N,N,Y
0,0.20588235294117646,0.04429404643996919,1.0,0.0,0.19642857142857145,no checking account,critical account/ other credits existing (not at this bank),car (new),... < 100 DM,... < 1 year ,female : divorced/separated/married,none,if not A121 : building society savings agreement/ life insurance,none,own,2,skilled employee / official,1,none,yes,N,18.0,1055.0,4.0,1.0,30.0,no checking account,critical account/ other credits existing (not at this bank),car (new),... < 100 DM,... < 1 year ,female : divorced/separated/married,none,if not A121 : building society savings agreement/ life insurance,none,own,2,skilled employee / official,1,none,yes,N,0.36666772,0.16213337,1.0,0.01591699,0.1842095,no checking account,critical account/ other credits existing (not at this bank),car (new),... < 100 DM,... < 1 year ,female : divorced/separated/married,none,if not A121 : building society savings agreement/ life insurance,none,own,2,skilled employee / official,1,none,yes,28.933405,3196.6118,4.0,1.047751,29.315731,no checking account,critical account/ other credits existing (not at this bank),car (new),... < 100 DM,... < 1 year ,female : divorced/separated/married,none,if not A121 : building society savings agreement/ life insurance,none,own,2,skilled employee / official,1,none,yes,57.88756346702576,Y,Y,N,N,Y
0,0.38235294117647056,0.33564432706063607,1.0,1.0,0.21428571428571425,< 0 DM,existing credits paid back duly till now,radio/television,unknown/ no savings account,.. >= 7 years,male : single,none,if not A121 : building society savings agreement/ life insurance,none,own,1,skilled employee / official,1,none,yes,Y,30.0,6350.0,4.0,4.0,30.999999999999996,< 0 DM,existing credits paid back duly till now,radio/television,unknown/ no savings account,.. >= 7 years,male : single,none,if not A121 : building society savings agreement/ life insurance,none,own,1,skilled employee / official,1,none,yes,Y,0.3761604,0.3301381,0.99718976,0.99979275,0.2162575,< 0 DM,existing credits paid back duly till now,radio/television,unknown/ no savings account,.. >= 7 years,male : single,none,if not A121 : building society savings agreement/ life insurance,none,own,1,skilled employee / official,1,none,yes,29.578907,6249.9297,3.9915695,3.9993782,31.110418,< 0 DM,existing credits paid back duly till now,radio/television,unknown/ no savings account,.. >= 7 years,male : single,none,if not A121 : building society savings agreement/ life insurance,none,own,1,skilled employee / official,1,none,yes,57.88756346702576,Y,Y,Y,Y,N
0,0.2647058823529412,0.1334323759216463,0.6666666666666667,1.0,0.37499999999999994,no checking account,existing credits paid back duly till now,domestic appliances,500 <= ... < 1000 DM ,.. >= 7 years,male : single,none,"if not A121/A122 : car or other, not in attribute 6",none,own,1,skilled employee / official,1,none,yes,N,22.0,2674.9999999999995,3.0,4.0,40.0,no checking account,existing credits paid back duly till now,domestic appliances,500 <= ... < 1000 DM ,.. >= 7 years,male : single,none,"if not A121/A122 : car or other, not in attribute 6",none,own,1,skilled employee / official,1,none,yes,N,0.6432106,0.4900422,0.79662377,0.9712935,0.27752325,no checking account,existing credits paid back duly till now,domestic appliances,500 <= ... < 1000 DM ,.. >= 7 years,male : single,none,"if not A121/A122 : car or other, not in attribute 6",none,own,1,skilled employee / official,1,none,yes,47.73832,9156.027,3.3898711,3.9138803,34.5413,no checking account,existing credits paid back duly till now,domestic appliances,500 <= ... < 1000 DM ,.. >= 7 years,male : single,none,"if not A121/A122 : car or other, not in attribute 6",none,own,1,skilled employee / official,1,none,yes,57.88756346702576,Y,Y,N,N,Y
0,0.029411764705882346,0.8058765269065697,0.0,1.0,0.875,< 0 DM,existing credits paid back duly till now,car (new),... < 100 DM,.. >= 7 years,male : single,none,unknown / no property,bank,own,1,management/ self-employed/ highly qualified employee/ officer,1,"yes, registered under the customers name ",yes,Y,5.999999999999999,14896.0,1.0,4.0,68.0,< 0 DM,existing credits paid back duly till now,car (new),... < 100 DM,.. >= 7 years,male : single,none,unknown / no property,bank,own,1,management/ self-employed/ highly qualified employee/ officer,1,"yes, registered under the customers name ",yes,Y,5.247091e-09,0.7283384,3.4058267e-08,0.9999985,0.8886904,< 0 DM,existing credits paid back duly till now,car (new),... < 100 DM,.. >= 7 years,male : single,none,unknown / no property,bank,own,1,management/ self-employed/ highly qualified employee/ officer,1,"yes, registered under the customers name ",yes,4.0000005,13486.822,1.0000001,3.9999955,68.76666,< 0 DM,existing credits paid back duly till now,car (new),... < 100 DM,.. >= 7 years,male : single,none,unknown / no property,bank,own,1,management/ self-employed/ highly qualified employee/ officer,1,"yes, registered under the customers name ",yes,57.88756346702576,Y,Y,Y,Y,N
0,0.20588235294117646,0.39198855507868385,1.0,1.0,0.37499999999999994,0 <= ... < 200 DM,critical account/ other credits existing (not at this bank),radio/television,... < 100 DM,unemployed,male : single,none,if not A121 : building society savings agreement/ life insurance,stores,own,2,management/ self-employed/ highly qualified employee/ officer,1,"yes, registered under the customers name ",yes,N,18.0,7374.0,4.0,4.0,40.0,0 <= ... < 200 DM,critical account/ other credits existing (not at this bank),radio/television,... < 100 DM,unemployed,male : single,none,if not A121 : building society savings agreement/ life insurance,stores,own,2,management/ self-employed/ highly qualified employee/ officer,1,"yes, registered under the customers name ",yes,N,0.23390178,0.4154148,1.0,0.99501264,0.36785534,0 <= ... < 200 DM,critical account/ other credits existing (not at this bank),radio/television,... < 100 DM,unemployed,male : single,none,if not A121 : building society savings agreement/ life insurance,stores,own,2,management/ self-employed/ highly qualified employee/ officer,1,"yes, registered under the customers name ",yes,19.905323,7799.749,4.0,3.985038,39.5999,0 <= ... < 200 DM,critical account/ other credits existing (not at this bank),radio/television,... < 100 DM,unemployed,male : single,none,if not A121 : building society savings agreement/ life insurance,stores,own,2,management/ self-employed/ highly qualified employee/ officer,1,"yes, registered under the customers name ",yes,57.88756346702576,Y,Y,N,N,Y
0,0.029411764705882346,0.06228678331682623,0.0,0.0,0.16071428571428575,no checking account,critical account/ other credits existing (not at this bank),domestic appliances,... < 100 DM,1 <= ... < 4 years,female : divorced/separated/married,none,"if not A121/A122 : car or other, not in attribute 6",none,own,2,skilled employee / official,1,"yes, registered under the customers name ",yes,N,5.999999999999999,1382.0,1.0,1.0,28.0,no checking account,critical account/ other credits existing (not at this bank),domestic appliances,... < 100 DM,1 <= ... < 4 years,female : divorced/separated/married,none,"if not A121/A122 : car or other, not in attribute 6",none,own,2,skilled employee / official,1,"yes, registered under the customers name ",yes,N,0.5700485,0.3996523,0.13893272,0.0077322703,0.034534015,no checking account,critical account/ other credits existing (not at this bank),domestic appliances,... < 100 DM,1 <= ... < 4 years,female : divorced/separated/married,none,"if not A121/A122 : car or other, not in attribute 6",none,own,2,skilled employee / official,1,"yes, registered under the customers name ",yes,42.763298,7513.281,1.4167981,1.0231968,20.933905,no checking account,critical account/ other credits existing (not at this bank),domestic appliances,... < 100 DM,1 <= ... < 4 years,female : divorced/separated/married,none,"if not A121/A122 : car or other, not in attribute 6",none,own,2,skilled employee / official,1,"yes, registered under the customers name ",yes,57.88756346702576,Y,Y,N,N,Y
0,0.2941176470588235,0.03835149114119071,1.0,0.6666666666666667,0.33928571428571425,>= 200 DM / salary assignments for at least 1 year,existing credits paid back duly till now,car (new),... < 100 DM,4 <= ... < 7 years,male : single,none,unknown / no property,bank,for free,1,skilled employee / official,2,none,yes,Y,23.999999999999996,947.0000000000001,4.0,3.0,38.0,>= 200 DM / salary assignments for at least 1 year,existing credits paid back duly till now,car (new),... < 100 DM,4 <= ... < 7 years,male : single,none,unknown / no property,bank,for free,1,skilled employee / official,2,none,yes,Y,0.25798878,0.008124709,0.98386014,0.6655723,0.3518756,>= 200 DM / salary assignments for at least 1 year,existing credits paid back duly till now,car (new),... < 100 DM,4 <= ... < 7 years,male : single,none,unknown / no property,bank,for free,1,skilled employee / official,2,none,yes,21.543238,397.65848,3.9515805,2.9967167,38.705036,>= 200 DM / salary assignments for at least 1 year,existing credits paid back duly till now,car (new),... < 100 DM,4 <= ... < 7 years,male : single,none,unknown / no property,bank,for free,1,skilled employee / official,2,none,yes,57.88756346702576,Y,Y,Y,Y,N
0,0.10294117647058824,0.07301639705073182,1.0,0.0,0.01785714285714285,0 <= ... < 200 DM,existing credits paid back duly till now,radio/television,.. >= 1000 DM ,... < 1 year ,female : divorced/separated/married,none,real estate,none,own,1,skilled employee / official,1,none,yes,N,11.0,1577.0,4.0,1.0,20.0,0 <= ... < 200 DM,existing credits paid back duly till now,radio/television,.. >= 1000 DM ,... < 1 year ,female : divorced/separated/married,none,real estate,none,own,1,skilled employee / official,1,none,yes,N,0.33309457,0.24093232,0.99999994,0.007588777,7.6776035e-07,0 <= ... < 200 DM,existing credits paid back duly till now,radio/television,.. >= 1000 DM ,... < 1 year ,female : divorced/separated/married,none,real estate,none,own,1,skilled employee / official,1,none,yes,26.65043,4628.704,3.9999998,1.0227664,19.000042,0 <= ... < 200 DM,existing credits paid back duly till now,radio/television,.. >= 1000 DM ,... < 1 year ,female : divorced/separated/married,none,real estate,none,own,1,skilled employee / official,1,none,yes,57.88756346702576,Y,Y,N,N,Y
0,0.2941176470588235,0.2195994277539342,0.0,1.0,0.30357142857142855,0 <= ... < 200 DM,no credits taken/ all credits paid back duly,business,... < 100 DM,1 <= ... < 4 years,male : single,none,real estate,none,own,3,unskilled - resident,1,"yes, registered under the customers name ",yes,N,23.999999999999996,4241.0,1.0,4.0,36.0,0 <= ... < 200 DM,no credits taken/ all credits paid back duly,business,... < 100 DM,1 <= ... < 4 years,male : single,none,real estate,none,own,3,unskilled - resident,1,"yes, registered under the customers name ",yes,N,0.49877468,0.38040692,0.062236957,0.99096185,0.27276212,0 <= ... < 200 DM,no credits taken/ all credits paid back duly,business,... < 100 DM,1 <= ... < 4 years,male : single,none,real estate,none,own,3,unskilled - resident,1,"yes, registered under the customers name ",yes,37.91668,7163.515,1.1867108,3.9728856,34.27468,0 <= ... < 200 DM,no credits taken/ all credits paid back duly,business,... < 100 DM,1 <= ... < 4 years,male : single,none,real estate,none,own,3,unskilled - resident,1,"yes, registered under the customers name ",yes,57.88756346702576,N,N,Y,N,Y
0,0.47058823529411764,0.16501595686145043,0.3333333333333333,1.0,0.35714285714285715,< 0 DM,existing credits paid back duly till now,car (new),... < 100 DM,4 <= ... < 7 years,male : single,none,unknown / no property,bank,for free,1,management/ self-employed/ highly qualified employee/ officer,2,"yes, registered under the customers name ",yes,Y,36.0,3249.0,2.0,4.0,39.0,< 0 DM,existing credits paid back duly till now,car (new),... < 100 DM,4 <= ... < 7 years,male : single,none,unknown / no property,bank,for free,1,management/ self-employed/ highly qualified employee/ officer,2,"yes, registered under the customers name ",yes,Y,0.3722195,0.09249239,0.3082745,0.99706256,0.37863025,< 0 DM,existing credits paid back duly till now,car (new),... < 100 DM,4 <= ... < 7 years,male : single,none,unknown / no property,bank,for free,1,management/ self-employed/ highly qualified employee/ officer,2,"yes, registered under the customers name ",yes,29.310926,1930.9567,1.9248235,3.9911878,40.203293,< 0 DM,existing credits paid back duly till now,car (new),... < 100 DM,4 <= ... < 7 years,male : single,none,unknown / no property,bank,for free,1,management/ self-employed/ highly qualified employee/ officer,2,"yes, registered under the customers name ",yes,57.88756346702576,N,N,N,Y,N
0,0.1176470588235294,0.03994717728623308,1.0,1.0,0.28571428571428575,no checking account,critical account/ other credits existing (not at this bank),domestic appliances,unknown/ no savings account,.. >= 7 years,male : single,none,"if not A121/A122 : car or other, not in attribute 6",none,own,2,skilled employee / official,1,none,yes,N,11.999999999999998,976.0,4.0,4.0,35.0,no checking account,critical account/ other credits existing (not at this bank),domestic appliances,unknown/ no savings account,.. >= 7 years,male : single,none,"if not A121/A122 : car or other, not in attribute 6",none,own,2,skilled employee / official,1,none,yes,N,0.6302097,0.4646135,1.0,0.98532104,0.15868068,no checking account,critical account/ other credits existing (not at this bank),domestic appliances,unknown/ no savings account,.. >= 7 years,male : single,none,"if not A121/A122 : car or other, not in attribute 6",none,own,2,skilled employee / official,1,none,yes,46.85426,8693.886,4.0,3.9559631,27.886118,no checking account,critical account/ other credits existing (not at this bank),domestic appliances,unknown/ no savings account,.. >= 7 years,male : single,none,"if not A121/A122 : car or other, not in attribute 6",none,own,2,skilled employee / official,1,none,yes,57.88756346702576,Y,Y,N,N,Y
0,0.029411764705882346,0.06184659403543523,1.0,0.6666666666666667,1.0,< 0 DM,existing credits paid back duly till now,car (new),unknown/ no savings account,unemployed,female : divorced/separated/married,none,if not A121 : building society savings agreement/ life insurance,none,own,1,management/ self-employed/ highly qualified employee/ officer,1,"yes, registered under the customers name ",yes,N,5.999999999999999,1374.0,4.0,3.0,75.0,< 0 DM,existing credits paid back duly till now,car (new),unknown/ no savings account,unemployed,female : divorced/separated/married,none,if not A121 : building society savings agreement/ life insurance,none,own,1,management/ self-employed/ highly qualified employee/ officer,1,"yes, registered under the customers name ",yes,N,0.21270476,0.20078348,1.0,0.6587283,0.93174297,< 0 DM,existing credits paid back duly till now,car (new),unknown/ no savings account,unemployed,female : divorced/separated/married,none,if not A121 : building society savings agreement/ life insurance,none,own,1,management/ self-employed/ highly qualified employee/ officer,1,"yes, registered under the customers name ",yes,18.463924,3899.039,4.0,2.9761848,71.177605,< 0 DM,existing credits paid back duly till now,car (new),unknown/ no savings account,unemployed,female : divorced/separated/married,none,if not A121 : building society savings agreement/ life insurance,none,own,1,management/ self-employed/ highly qualified employee/ officer,1,"yes, registered under the customers name ",yes,57.88756346702576,Y,Y,N,N,Y
0,0.2941176470588235,0.09981291955540883,0.6666666666666667,0.3333333333333333,0.26785714285714285,0 <= ... < 200 DM,delay in paying off in the past,radio/television,... < 100 DM,unemployed,female : divorced/separated/married,none,if not A121 : building society savings agreement/ life insurance,none,own,1,management/ self-employed/ highly qualified employee/ officer,1,"yes, registered under the customers name ",yes,N,23.999999999999996,2064.0,3.0,2.0,34.0,0 <= ... < 200 DM,delay in paying off in the past,radio/television,... < 100 DM,unemployed,female : divorced/separated/married,none,if not A121 : building society savings agreement/ life insurance,none,own,1,management/ self-employed/ highly qualified employee/ officer,1,"yes, registered under the customers name ",yes,N,0.4605201,0.25420627,0.7327146,0.3229758,0.19555673,0 <= ... < 200 DM,delay in paying off in the past,radio/television,... < 100 DM,unemployed,female : divorced/separated/married,none,if not A121 : building society savings agreement/ life insurance,none,own,1,management/ self-employed/ highly qualified employee/ officer,1,"yes, registered under the customers name ",yes,35.315365,4869.945,3.1981437,1.9689274,29.951176,0 <= ... < 200 DM,delay in paying off in the past,radio/television,... < 100 DM,unemployed,female : divorced/separated/married,none,if not A121 : building society savings agreement/ life insurance,none,own,1,management/ self-employed/ highly qualified employee/ officer,1,"yes, registered under the customers name ",yes,57.88756346702576,N,N,Y,N,Y
0,0.2941176470588235,0.11692527786948388,1.0,0.3333333333333333,0.44642857142857145,no checking account,delay in paying off in the past,business,500 <= ... < 1000 DM ,1 <= ... < 4 years,male : single,none,"if not A121/A122 : car or other, not in attribute 6",none,own,2,skilled employee / official,2,"yes, registered under the customers name ",yes,N,23.999999999999996,2375.0,4.0,2.0,44.0,no checking account,delay in paying off in the past,business,500 <= ... < 1000 DM ,1 <= ... < 4 years,male : single,none,"if not A121/A122 : car or other, not in attribute 6",none,own,2,skilled employee / official,2,"yes, registered under the customers name ",yes,N,0.64375925,0.41550058,1.0,0.3176428,0.33725125,no checking account,delay in paying off in the past,business,500 <= ... < 1000 DM ,1 <= ... < 4 years,male : single,none,"if not A121/A122 : car or other, not in attribute 6",none,own,2,skilled employee / official,2,"yes, registered under the customers name ",yes,47.775627,7801.3076,4.0,1.9529283,37.88607,no checking account,delay in paying off in the past,business,500 <= ... < 1000 DM ,1 <= ... < 4 years,male : single,none,"if not A121/A122 : car or other, not in attribute 6",none,own,2,skilled employee / official,2,"yes, registered under the customers name ",yes,57.88756346702576,Y,Y,N,N,Y
